{
    "questions": [
        {
            "id": 1,
            "question": "What is the capital of France?",
            "options": {
                "op1": "Paris",
                "op2": "London",
                "op3": "Berlin",
                "op4": "Madrid"
            },
            "correctAnswer": "op1"
        },
        {
            "id": 2,
            "question": "What is 2 + 2?",
            "options": {
                "op1": "3",
                "op2": "4",
                "op3": "5",
                "op4": "6"
            },
            "correctAnswer": "op2"
        }
    ]
}
